Source_0,Source_1,Source_2,Source_3,Source_4,Source_5,Source_6,Source_7,Source_8,Source_9,Source_10,Source_11,Source_12,target
0.018705,0.041305,0.002836,-0.150903,0.071178,-0.037401,-0.02048,-0.006544,0.156991,-0.125996,-0.00223,-0.014896,-0.012163,yes
-0.03172,0.036155,-0.028071,-0.140343,-0.086281,-0.037236,0.02933,-0.108718,0.011735,-0.068515,0.106443,-0.071965,-0.047738,yes
0.047524,-0.065021,0.041947,0.043338,-0.092087,0.066972,0.014614,-0.071505,0.045044,0.007795,-0.028722,-0.002691,-0.069505,yes
-0.013558,-0.008979,-0.068102,0.00084,0.03266,-0.03733,-0.011119,-0.030628,0.012991,0.03299,0.053977,0.049581,-0.072678,yes
-0.077158,-0.022592,-0.102645,0.075004,-0.001468,0.088069,-0.062791,-0.026653,0.018126,0.020567,0.073216,0.026449,0.055937,yes
0.082497,0.106151,-0.007009,0.029941,0.035438,-0.1095,-0.037038,-0.039185,0.049447,-0.017605,0.074948,0.030621,-0.003825,yes
0.040258,-0.043003,0.029006,-0.003287,-0.019882,0.029864,-0.046897,-0.057539,-0.000523,-0.074626,0.010358,0.015384,0.026733,yes
-0.081593,-0.036795,0.002134,0.02992,-0.02691,-0.060697,0.018592,0.001207,-0.055325,0.010494,0.030069,0.019152,-0.032941,yes
-0.016763,-0.052215,0.071906,0.010176,-0.014615,-0.050019,0.132449,0.135803,0.071471,-0.025783,0.05338,0.052198,-0.029405,yes
0.063122,-0.020532,0.000494,-0.027682,0.028399,-0.007136,0.033747,0.020649,0.044639,0.058913,0.094058,0.022022,-0.110339,yes
0.048708,-0.03223,-0.052492,0.040842,-0.014669,-0.080407,0.012886,-0.014678,0.028236,0.035104,0.073558,0.040857,-0.027057,yes
-0.004415,-0.041644,0.010237,0.067502,-0.058473,0.026136,-0.063654,0.073089,-0.011184,-0.044519,0.017723,-0.051807,-0.027876,yes
-0.018124,-0.028847,-0.045204,0.031378,0.003886,-0.062572,-0.001584,-0.017056,0.009959,0.007349,0.067771,-0.006176,-0.038067,yes
-0.047851,0.014274,0.01419,-0.132089,0.095634,0.082688,-0.105185,0.00051,0.053839,0.079657,-0.028456,-0.031648,-0.046736,yes
-0.016686,-0.112954,0.014988,-0.004772,0.00773,0.083829,0.021989,0.068177,0.117145,-0.090295,-0.029297,0.009934,-0.032401,yes
0.002257,0.031796,0.001876,-0.036261,-0.068942,0.059002,-0.047108,-0.002729,-0.007697,-0.048597,0.022938,0.003642,-0.06573,yes
-0.062686,-0.044049,-0.064952,0.036085,0.027829,0.055696,-0.072435,0.008497,-0.032009,-0.063163,0.054099,0.010965,-0.026327,yes
0.084186,0.037,0.050149,-0.116313,-0.032418,0.042434,-0.095878,0.094699,-0.017079,-0.090887,0.058423,-0.016879,-0.014585,yes
0.043998,-0.048471,-0.034086,0.055714,-0.060519,-0.084536,0.057312,-0.038778,0.038965,0.022089,0.100776,-0.009077,-0.021282,yes
0.0753,-0.023854,-0.064002,-0.019807,0.045393,0.131264,-0.007431,0.084689,-0.035567,-0.0092,0.020612,-0.030947,-0.099224,yes
-0.010619,0.034366,0.021142,-0.017769,0.01103,-0.085471,0.013043,-0.015062,-0.066698,-0.007513,0.060175,0.11561,0.013529,yes
-0.091072,0.020705,0.004153,0.014551,0.035219,0.045984,0.005327,-0.001432,0.049149,0.078185,0.089146,-0.070781,-0.03645,yes
0.004211,0.008945,0.004551,0.082676,-0.022582,-0.087115,0.047299,-0.046813,0.014263,0.01235,0.078523,0.012039,-0.022124,yes
-0.068985,0.049285,0.002411,-0.045657,0.048623,-0.000213,0.01149,0.114958,0.12809,-0.016553,0.052739,0.00248,0.044905,yes
-0.094566,-0.032572,0.062291,-0.039377,-0.019392,0.083222,0.054912,0.052078,0.019885,0.105708,0.085145,-0.082533,-0.071951,yes
0.078353,-0.006439,-0.05824,0.071216,0.08215,0.067495,0.028279,0.031372,-0.060254,-0.048934,0.080896,0.02559,0.003626,yes
0.008444,-0.047493,-0.046509,-0.023606,0.002687,-0.038583,0.062355,0.101094,0.133191,-0.013862,0.032601,0.046248,-0.064437,yes
0.013198,-0.003175,0.000213,0.007146,-0.029279,-0.057901,-0.077588,0.093756,0.016137,0.049716,-0.041093,-0.033482,-0.091527,yes
-0.054021,-0.138815,-0.098513,0.025798,0.046874,0.055894,-0.000859,0.04022,0.06214,-0.141924,-0.038,-0.001102,0.049326,yes
-0.038268,0.070051,0.069958,-0.113265,0.011091,-0.059501,0.015764,-0.013947,0.091251,-0.112623,-0.061854,0.036658,0.001307,yes
-0.018506,0.050395,-0.010565,0.079861,-0.074802,0.059197,-0.000295,-0.019869,-0.029896,-0.013237,-0.040703,-0.008082,-0.082905,yes
0.027492,-0.004918,-0.006003,0.014101,0.006107,-0.067886,-0.019991,0.054572,-0.039248,0.079638,-0.011766,0.146583,-0.050021,yes
-0.009701,-0.029428,0.045039,0.034291,0.030292,-0.035381,0.026984,-0.095122,0.028356,0.019942,0.004883,0.000779,-0.050374,yes
-0.027882,0.074594,0.059233,-0.082381,0.074739,-0.053831,-0.047055,-0.069859,-0.05785,-0.103756,-0.019606,-0.058284,0.031688,yes
-0.010167,-0.046139,0.034268,-0.025272,0.036151,0.07142,-0.050587,0.068285,0.056351,0.102603,-0.058712,-0.154153,-0.043173,yes
-0.009855,0.105167,0.157222,-0.068043,-0.02055,0.135781,-0.019104,-0.068348,0.03412,-0.021522,0.023975,-0.039506,0.019621,yes
-0.080061,-0.035591,-0.044912,0.04739,-0.015329,0.04161,0.021118,0.072346,0.076822,-0.111936,0.014772,0.042908,-0.014944,yes
0.026607,-0.130036,0.060474,-0.038896,0.010584,-0.008818,0.036816,0.006638,-0.000636,0.045684,0.017589,0.007046,-0.053735,yes
0.060421,-0.055758,-0.003079,0.033047,0.018273,0.051996,-0.041088,0.078689,0.001695,-0.025675,0.085035,0.022236,-0.030669,yes
0.046039,-0.145126,0.005551,0.033437,0.052145,0.049788,-0.055525,0.018275,0.00665,-0.061303,0.054038,-0.017007,0.029401,yes
0.04983,-0.118301,-0.003104,0.037287,-0.037822,0.064861,-0.026825,0.011892,0.000633,-0.042101,-0.030166,-0.092394,-0.014471,yes
-0.02143,0.020543,0.055543,-0.016755,0.045581,-0.056002,-0.00216,-0.111741,-0.000343,-0.037715,0.01648,0.006753,-0.002702,yes
-0.014125,0.002348,-0.03479,-0.062152,-0.068856,0.015667,-0.036168,-0.106456,0.086479,0.099908,-0.043264,-0.017293,-0.007067,yes
0.040737,0.001663,0.052286,0.043831,-0.03943,-0.003871,-0.055616,-0.063898,-0.010584,-0.067706,-0.031198,0.044021,0.04392,yes
-0.054424,-0.095143,0.035526,0.038008,0.028135,-0.047995,0.008933,-0.063645,0.0136,-0.038284,0.038558,-0.104479,-0.00361,yes
-0.062083,-0.040096,-0.08378,0.033276,0.032417,-0.070484,-0.034878,-0.024845,-0.010946,-0.017795,0.064045,-0.005526,-0.012823,yes
-0.010789,-0.052668,0.069296,0.022746,0.041875,-0.027598,0.017372,-0.050143,0.026392,0.003782,0.019162,-0.051789,-0.048012,yes
-0.001308,-0.071679,0.060421,0.029563,0.034794,-0.049501,-0.022005,-0.006493,0.020888,-0.002039,-0.003232,-0.068941,-0.024262,yes
0.11887,-0.002261,0.021594,0.095214,0.009515,0.018948,-0.148989,0.020795,0.12033,-0.034104,-0.0577,-0.110841,-0.042908,yes
0.060632,-0.039293,0.050248,0.092981,-0.02079,0.02538,-0.012251,-0.055009,0.016431,-0.010053,-0.017448,0.063347,-0.003114,yes
0.023639,-0.079405,0.047694,0.039146,-0.023062,0.059574,-0.055976,0.005004,0.014985,-0.023791,-0.038287,-0.02799,-0.038435,yes
0.002543,-0.005622,-0.028461,-0.019157,0.084136,-0.089296,-0.077934,-0.083349,-0.013852,-0.033053,-0.008962,0.078519,0.045565,yes
0.019934,0.045483,-0.037205,-0.073463,0.040297,0.007245,0.054823,0.049554,-0.127976,-0.015211,-0.01659,-0.039047,-0.045379,yes
-0.021238,0.106661,0.055727,-0.023328,-0.063819,0.076662,-0.024691,-0.032724,-0.013001,-0.030732,-0.00694,0.031756,-0.109336,yes
0.021197,-0.051508,0.039002,0.020864,0.068569,0.08766,-0.045295,-0.023433,0.004514,-0.019621,-0.000216,0.051569,-0.048299,yes
0.041778,0.011161,-0.026614,0.033138,0.007102,-0.042805,0.027793,0.013603,-0.001143,0.033414,0.029676,-0.013677,-0.063963,yes
-0.001172,-0.01907,0.011305,0.046287,0.030086,-0.052091,0.017501,-0.119207,0.02625,0.03108,-0.009486,0.053803,-0.036462,yes
-0.030472,-0.035634,-0.01193,0.050728,0.016936,-0.061344,0.003213,-0.126377,0.018748,0.014051,-0.016614,0.028972,-0.021524,yes
-0.044584,-0.030599,0.097013,0.001614,-0.004785,-0.005062,-0.003125,-0.029194,0.029961,0.018556,-0.046873,-0.105309,-0.106327,yes
0.032113,-0.045903,-0.019898,0.093355,0.012348,0.033768,-0.021203,-0.063345,-0.025318,-0.039561,-0.038037,0.032525,0.021357,yes
-0.022101,-0.039646,-0.04475,0.015324,0.050386,0.069554,-0.054771,0.09323,0.062892,-0.071476,-0.158397,0.075196,-0.027243,yes
-0.093774,-0.056569,-0.050305,0.015527,0.004945,-0.06984,-0.043493,0.028484,-0.070358,0.004064,0.005823,0.038748,-0.013353,yes
-0.020273,0.080576,0.052317,-0.066575,0.124469,0.005939,-0.051819,-0.1054,0.051038,-0.031146,0.007609,-0.038681,-0.093796,yes
0.040222,0.093048,0.042903,0.05139,-0.028141,-0.124746,-0.052051,0.004483,0.042563,-0.047353,0.040597,-0.092777,0.000541,yes
-0.023786,-0.041164,0.032038,-0.001928,0.067822,-0.030766,0.043569,0.039469,0.122237,-0.02817,-0.049212,0.055254,-0.042865,yes
0.050262,-0.005014,0.010898,0.08557,-0.147752,0.034923,0.0672,-0.06199,0.036592,0.009031,0.053519,0.021513,-0.068598,yes
-0.096609,0.075749,-0.023887,-0.06611,0.011811,0.026694,-0.089638,0.016749,0.026687,0.057941,0.009418,-0.050399,-0.026434,yes
0.007767,0.014457,0.07538,0.011827,-0.039305,0.045371,-0.00986,-0.102207,-0.001359,-0.065777,-0.008024,0.016454,-0.011718,yes
-0.030056,0.011499,-0.009867,0.04548,-0.010648,-0.062846,-0.002477,-0.016869,0.006234,0.017426,0.032039,-0.005839,-0.058458,yes
0.040466,0.029029,-0.024508,0.072263,-0.003394,0.033196,-0.032699,-0.010446,-0.005575,0.00831,0.023512,0.131748,-0.045318,yes
-0.052711,-0.034546,0.079139,-0.063173,0.028419,-0.047053,-0.048243,-0.002608,-0.060965,-0.025549,-0.045409,0.006489,-0.003287,yes
-0.1439,0.034866,-0.01711,-0.009971,0.034882,0.062985,-0.03075,0.056527,-0.050064,0.098925,-0.038593,-0.030431,-0.047074,yes
-0.032316,-0.022159,0.07479,0.053894,-0.027685,-0.036487,0.070374,-0.129594,0.036255,0.012146,0.007631,-0.049555,-0.060902,yes
-0.042589,-0.011125,0.0216,0.055176,0.081028,0.01877,0.024111,-0.104975,0.061496,0.081268,0.059497,0.013904,0.036431,yes
-0.031421,0.071133,0.059865,0.008628,-0.057466,0.043875,-0.033269,-0.009219,-0.027482,-0.073025,0.023811,-0.015987,-0.047327,yes
0.045788,-0.018985,0.038432,-0.014817,-0.024784,0.047169,-0.03295,-0.073348,0.007514,-0.053514,-0.001133,0.037408,-0.006359,yes
-0.041696,-0.046772,-0.032924,-0.100792,-0.02139,-0.029747,0.034725,-0.025211,0.129135,-0.063923,-0.053139,0.01705,-0.039323,yes
-0.03336,0.038991,0.002006,0.033379,0.087578,0.022604,-0.011028,0.020303,0.044261,0.094845,0.096419,0.016884,-0.004115,yes
-0.063972,0.025227,-0.040913,0.023614,0.017272,-0.050935,0.075145,0.019105,0.105231,-0.027002,0.008259,0.094638,-0.058002,yes
-0.119995,0.014827,0.056258,-0.09136,0.072456,0.055298,-0.067481,-0.017517,-0.022962,0.063844,-0.0435,0.017502,0.003293,yes
-0.08034,-0.003521,-0.02183,0.020088,-0.00002,-0.039771,-0.01625,-0.017283,-0.002413,-0.001934,0.031871,-0.04992,-0.074831,yes
-0.035222,-0.078788,0.00425,0.04728,0.025493,-0.067069,-0.017075,-0.069036,0.012239,-0.016906,0.003403,-0.044089,0.004299,yes
-0.059266,-0.00879,-0.093663,0.032852,0.031384,0.072242,-0.081673,0.0215,-0.060114,-0.052343,-0.015764,-0.002474,-0.047178,yes
-0.11814,-0.039201,0.011231,-0.088769,0.008346,-0.034415,0.085263,0.076416,0.032171,-0.111602,0.069287,0.01408,-0.003927,yes
0.004351,-0.004486,0.033559,0.050972,-0.12212,-0.023828,-0.099049,-0.050107,-0.012036,-0.066358,-0.111845,-0.013417,0.034643,yes
-0.143098,-0.197246,-0.127441,-0.070484,0.040422,0.036659,-0.132712,-0.048914,-0.109081,-0.163369,0.025969,-0.006595,0.113615,yes
-0.032087,-0.055704,-0.073955,-0.043628,0.065065,-0.009529,-0.027559,0.072376,-0.077658,0.029381,0.004533,0.039469,-0.058949,yes
-0.11862,-0.001786,-0.019565,0.012282,-0.066832,-0.064501,0.044847,0.078677,0.046103,-0.008336,-0.093097,0.094504,-0.059772,yes
-0.005693,0.040637,-0.018527,-0.050795,-0.05311,0.067741,-0.066432,-0.005787,-0.011289,-0.039383,0.005142,0.029902,-0.07882,yes
0.035339,0.000566,-0.003565,0.008742,-0.060387,0.001921,-0.121442,-0.042439,-0.008576,-0.037589,-0.109025,0.067174,0.011543,yes
-0.085054,0.031383,-0.074064,0.030116,0.0324,-0.020641,0.099384,0.049441,0.043439,-0.070344,-0.037465,-0.040045,-0.049831,yes
-0.060857,0.028755,0.01997,0.034555,0.04068,0.015715,0.026817,0.009474,-0.007112,0.119395,0.065772,0.091845,0.005391,yes
0.029456,0.079211,-0.040185,0.053522,0.092107,0.019493,0.10745,0.020132,-0.096368,-0.014685,-0.005811,-0.130132,-0.065982,yes
-0.08178,-0.014067,-0.008622,0.071769,0.019677,0.124717,0.037012,0.01905,0.111497,-0.0288,-0.06638,0.007725,0.050346,yes
0.010242,0.102774,0.071681,0.035789,-0.090522,0.011898,-0.059398,0.016314,-0.023538,-0.041382,-0.035853,0.024722,-0.043486,yes
0.002477,-0.056637,0.106232,0.069674,-0.005606,-0.03274,-0.025644,0.066554,0.012678,0.110205,-0.038632,-0.003342,0.074036,yes
0.016278,-0.076953,-0.0439,0.017757,0.008018,-0.001686,-0.06369,-0.09346,-0.01902,-0.107777,0.041007,0.044129,0.093787,yes
-0.062991,0.042209,-0.091467,0.059521,-0.025547,-0.051042,0.12164,0.07028,-0.032936,-0.032902,-0.134475,0.041533,-0.015479,yes
-0.021386,-0.080016,-0.093034,0.003718,-0.03597,-0.037358,0.012824,0.007272,-0.001927,-0.013848,0.051866,-0.127631,-0.045185,yes
-0.036536,0.009951,-0.035584,0.024659,0.087853,0.012104,0.122165,0.00831,0.038228,-0.064744,-0.111491,-0.05416,-0.039067,yes
0.014914,-0.049903,0.043836,0.007051,0.050583,0.02326,0.077289,-0.026538,-0.011832,-0.012612,-0.002066,-0.164836,-0.067528,yes
0.074674,-0.105444,0.086268,-0.193602,-0.014909,-0.019922,0.0248,0.00744,-0.010818,-0.050568,0.092354,-0.050686,0.009889,yes
0.06345,0.069447,-0.016357,0.065313,0.057437,0.097296,0.053241,-0.006484,-0.052116,-0.009317,0.030053,0.057477,-0.070134,yes
-0.173227,0.094533,0.034941,-0.115801,-0.03315,-0.049483,0.086666,-0.02787,0.005059,-0.138224,0.015905,0.063133,-0.008196,yes
-0.009286,0.010854,0.020697,0.0184,0.025999,-0.039428,-0.013372,0.032553,0.00863,0.024609,0.039562,-0.014231,-0.080408,yes
0.076612,-0.017964,0.040952,-0.055293,-0.00179,0.055114,-0.128366,0.039134,0.004236,-0.023574,-0.079574,0.041215,-0.03634,yes
0.016235,0.007983,0.075398,-0.052506,0.12536,-0.037855,0.018318,0.11242,0.067939,-0.098238,-0.043376,-0.004445,0.01613,yes
-0.011438,0.051394,0.103314,0.061386,-0.034141,0.077194,-0.021617,-0.072968,0.033489,0.001534,0.005717,-0.007152,0.075644,yes
0.010446,-0.027637,-0.044001,0.044458,-0.072138,0.046108,-0.0311,-0.003352,0.008056,-0.007448,0.02017,0.027579,-0.06214,yes
0.007478,-0.037126,0.003894,0.081848,-0.04044,0.026619,-0.051806,-0.073401,0.005618,-0.01241,-0.068523,0.057218,-0.016005,yes
0.029138,-0.022661,0.011647,0.119273,0.050157,0.067246,0.00145,0.036779,0.028448,0.011814,0.172292,0.028026,0.106742,yes
-0.016976,0.028848,0.055177,-0.009477,0.027061,-0.001237,0.147669,0.111477,0.04472,0.006859,-0.010907,0.09799,-0.091317,yes
-0.012542,-0.089777,0.01344,0.033094,-0.006859,0.035546,-0.063715,0.124515,-0.074555,-0.037347,0.033123,0.034764,0.003259,yes
-0.051658,-0.005528,0.006498,0.050328,-0.065117,-0.080646,0.015295,-0.004475,-0.047006,0.041534,-0.014452,0.05997,-0.040156,yes
-0.007952,-0.015623,-0.029617,0.042698,0.032513,-0.075642,-0.032477,0.020836,-0.001802,0.00647,0.051177,0.009195,-0.023027,yes
-0.034605,0.006524,0.037665,0.065804,-0.082854,0.054817,-0.01314,0.008354,-0.003439,-0.028725,0.010655,-0.043388,-0.079796,yes
0.009214,-0.027753,0.049199,-0.06831,-0.033928,-0.028928,0.003725,-0.078216,0.035816,-0.011455,-0.001101,-0.065892,-0.05503,yes
-0.022482,-0.042899,0.069249,-0.140176,0.021143,0.017888,-0.021342,-0.008911,-0.027219,0.019475,-0.038175,0.016592,-0.089564,yes
-0.027548,0.030787,-0.011162,0.06071,-0.058921,0.052304,-0.03295,-0.023096,-0.007039,-0.004543,-0.013121,0.046157,-0.083883,yes
-0.016762,0.053751,0.103919,0.065038,-0.023504,0.074923,-0.026133,-0.071529,0.028535,-0.003374,0.007227,-0.004341,0.081831,yes
0.083446,0.021302,-0.100886,0.023247,-0.045864,0.01342,-0.034528,0.016443,-0.063921,-0.070282,-0.005594,0.002299,0.035776,yes
0.018718,-0.047564,-0.007682,0.042639,0.085594,-0.058327,0.006642,-0.098887,0.018897,0.015016,0.034323,0.073939,0.00071,yes
-0.102529,-0.023056,0.045874,0.046635,-0.008404,0.148932,-0.049979,-0.048031,0.040059,0.030331,-0.028531,-0.072862,-0.013266,yes
-0.032725,-0.051646,0.009878,0.023096,0.017041,0.079274,-0.077081,-0.037243,-0.003052,-0.025761,-0.058258,0.014654,-0.057761,yes
-0.071068,0.0315,-0.001905,0.038856,-0.07259,0.07692,-0.038967,-0.021471,-0.009266,-0.011491,-0.03158,-0.004097,-0.117738,yes
-0.027673,0.007021,-0.001253,0.064943,-0.111179,0.058615,0.030512,-0.065283,0.012164,-0.013077,0.029694,-0.001746,-0.087986,yes
0.005764,0.016847,-0.02411,0.067739,-0.04334,-0.09851,-0.033514,0.005668,0.009288,0.037523,-0.013548,0.023822,-0.039044,yes
0.032216,-0.004923,-0.015991,0.044184,0.083233,0.082084,-0.001109,0.036809,-0.040441,-0.044391,0.08599,0.028394,-0.03416,yes
0.021338,0.036109,0.120837,-0.008418,0.014395,0.06945,-0.025762,-0.051396,-0.006387,-0.057639,-0.009578,0.022334,-0.036888,yes
0.016348,-0.014024,-0.015548,0.043317,0.090175,0.13216,-0.109851,0.044473,0.010471,0.061187,-0.066849,0.027603,0.030086,yes
0.066801,0.01844,0.062518,0.071926,0.009418,0.071607,0.037723,0.055844,-0.020603,-0.026207,0.066314,-0.018229,-0.054391,yes
-0.016441,0.051152,0.032075,0.040264,-0.034389,0.009133,-0.032705,-0.021044,-0.036973,-0.093204,0.059544,0.014427,0.015171,yes
-0.057906,-0.028894,-0.039458,0.059261,-0.020795,-0.086802,-0.024599,-0.009021,-0.005801,-0.016933,0.039961,-0.050633,-0.014373,yes
-0.04221,0.000337,-0.019164,0.053986,-0.04156,-0.081068,-0.033836,0.005666,0.001643,0.011519,-0.00314,-0.036723,-0.047458,yes
-0.03824,-0.034331,-0.015901,0.09685,-0.076665,0.011887,-0.028013,-0.004776,-0.016234,-0.060302,0.038073,-0.035629,-0.005515,yes
0.008376,-0.007996,-0.020152,0.105252,-0.05714,0.005159,-0.016323,-0.019758,-0.009334,-0.031966,0.041458,0.045743,-0.004168,yes
0.013133,0.001822,0.016067,0.052725,-0.071569,0.010958,-0.064872,0.214397,0.091153,-0.045945,-0.118249,0.050714,-0.046598,yes
-0.001471,-0.03619,0.005468,0.018323,0.044564,-0.065714,0.004059,0.056199,0.119826,-0.012891,-0.096977,0.089518,-0.020605,yes
0.01463,0.111374,-0.072288,-0.006517,0.008417,-0.028842,-0.102932,-0.019816,0.094979,0.074145,0.024877,-0.010698,0.009893,yes
-0.036529,0.063644,0.014795,0.01343,0.031706,-0.040755,-0.053294,0.09085,-0.069041,0.046793,0.001086,0.018491,0.098607,yes
-0.011826,-0.092451,0.006657,0.029156,-0.017101,0.063581,-0.068774,-0.019521,0.007097,-0.036124,-0.039227,-0.028708,-0.034272,yes
-0.060063,0.023509,-0.077221,-0.005607,-0.039035,-0.092561,-0.003781,-0.111378,-0.012457,-0.048148,0.06824,0.007465,0.008021,yes
-0.043583,0.08246,0.063082,0.009771,-0.05007,0.049395,-0.025938,-0.024289,-0.030435,-0.074474,0.026308,-0.009244,-0.052879,yes
0.054335,0.056812,-0.095311,0.071863,0.012495,0.055901,-0.035063,0.014978,-0.061373,0.004035,-0.063762,0.079948,-0.048498,yes
0.077204,0.082653,-0.019927,-0.030673,0.006911,0.028117,-0.102423,0.159868,-0.034663,-0.033171,0.089139,0.086848,-0.046278,yes
0.083913,-0.063697,0.042371,0.028086,0.117389,-0.060828,-0.035301,0.018773,0.022441,0.02517,0.027296,0.052039,0.004501,yes
-0.024841,0.070332,0.028048,0.020323,-0.0572,0.042171,-0.036373,0.014407,-0.057943,-0.088408,-0.01209,-0.065189,-0.028346,yes
0.028177,-0.041147,0.013192,-0.00085,0.025511,0.096912,-0.018153,0.05662,0.006428,-0.021031,0.090797,0.002435,-0.084112,yes
-0.047156,0.000966,0.00095,0.022924,0.004284,-0.04348,-0.015962,0.009863,0.002968,0.008802,0.032489,-0.041901,-0.074623,yes
-0.001151,0.009029,0.051199,0.039048,-0.02461,-0.057253,-0.010027,0.053427,0.014403,0.023801,0.019314,-0.059432,-0.075885,yes
0.184114,-0.08621,-0.049766,0.023635,0.039404,-0.073734,-0.025576,-0.038416,0.123734,0.054143,0.046485,0.019361,-0.016495,yes
0.100783,0.077658,-0.027739,-0.022741,-0.040981,0.025904,-0.091979,0.021946,-0.001339,0.016618,-0.031799,0.164118,-0.055857,yes
0.029546,-0.048547,0.155309,-0.083073,0.101333,-0.015974,0.011071,0.045289,-0.042893,-0.022279,0.056971,0.010093,-0.006739,yes
0.039725,0.013311,0.065818,-0.00165,0.08754,0.064301,-0.044633,-0.01192,-0.049592,-0.091124,-0.000887,0.006028,0.019788,yes
-0.00921,0.058003,0.100211,0.038752,-0.07856,0.019003,-0.021964,0.022787,-0.025888,-0.08775,0.038921,-0.058888,-0.016382,yes
0.069049,0.069849,0.027961,0.03903,-0.06055,-0.008524,-0.056346,0.016273,-0.016481,-0.0365,0.008895,0.085135,0.001222,yes
-0.047334,-0.01115,-0.007332,0.021314,0.032359,-0.039704,-0.001639,-0.002875,0.000413,-0.003449,0.070071,-0.033427,-0.059759,yes
-0.029381,0.022079,0.022372,0.059227,-0.050786,-0.064464,0.025565,-0.026718,0.014776,0.020385,0.02835,-0.03471,-0.069775,yes
0.013314,0.115576,-0.016132,-0.002835,0.051535,-0.015914,0.083788,0.031095,-0.173508,-0.032846,-0.057135,-0.044115,-0.01191,yes
-0.008357,-0.065517,0.066904,0.007086,0.039931,-0.037227,0.006111,-0.014177,-0.030625,0.042417,-0.029536,0.068394,-0.032407,yes
-0.053705,0.145717,0.024503,-0.064208,0.0605,-0.083981,-0.046176,-0.070314,-0.053916,-0.086,0.064554,0.053019,0.015341,yes
-0.007703,-0.079317,-0.088367,0.046777,-0.036293,0.033288,-0.038834,-0.008562,-0.004945,-0.047811,0.073291,0.011894,-0.007914,yes
-0.016361,0.045852,0.021555,0.039948,-0.018941,-0.043153,0.029642,-0.036271,0.018019,0.041814,0.028306,0.015298,-0.096992,yes
0.029384,0.098314,0.008411,0.073559,0.026464,0.016872,0.145226,0.007416,-0.08328,-0.007114,-0.020836,-0.173871,-0.087166,yes
0.029384,0.098314,0.008411,0.073559,0.026464,0.016872,0.145226,0.007416,-0.08328,-0.007114,-0.020836,-0.173871,-0.087166,yes
0.095732,0.030735,-0.00834,0.023142,0.091169,-0.000324,0.01689,0.015202,-0.020195,0.027988,-0.011356,-0.097869,0.120236,no
0.023021,0.007907,-0.035143,-0.07191,0.03242,0.047016,0.00416,-0.022394,-0.032442,0.099435,-0.070383,0.030137,0.031574,no
0.114174,0.031938,-0.048735,-0.081221,-0.034137,0.064646,0.02956,-0.139066,-0.034177,-0.085632,-0.003993,0.032211,0.024024,no
0.033385,-0.025341,0.008995,-0.042652,0.026448,-0.05749,0.008462,-0.049352,-0.064486,0.000933,-0.038022,0.077308,0.023718,no
-0.049971,0.032785,0.03994,-0.125742,-0.058426,0.003944,0.088821,-0.045881,0.113384,0.002188,-0.02303,0.099178,0.066038,no
-0.062007,0.068364,-0.01625,-0.024314,0.093639,0.020344,-0.01241,0.012855,0.1623,-0.038911,-0.04981,-0.080462,0.043708,no
-0.086289,0.096566,0.035129,-0.098753,-0.030679,-0.070392,-0.011876,-0.058457,-0.089476,-0.059674,0.025697,0.058629,-0.004784,no
0.003525,-0.040648,-0.03678,-0.068367,0.031566,-0.050966,-0.052443,-0.087828,0.013726,-0.019219,-0.003181,0.019104,-0.007313,no
0.050241,-0.113772,-0.049335,-0.085726,0.012229,0.056341,0.082212,-0.029477,-0.030017,0.068012,-0.040046,-0.016619,-0.106329,no
0.033143,0.017931,0.009416,-0.050653,0.008321,0.041053,0.0365,-0.023353,-0.02645,0.096696,-0.058383,0.003838,0.032789,no
-0.018008,-0.00035,0.083721,-0.028189,-0.122361,-0.016938,-0.028484,-0.006091,0.025475,0.109051,-0.099227,-0.022342,0.02252,no
-0.090024,0.02739,-0.114616,0.002754,0.008501,0.046497,0.112485,0.054156,0.052816,0.067952,-0.052051,0.083136,-0.001593,no
-0.030118,-0.057691,-0.055573,0.013655,0.101357,-0.059002,-0.056884,0.046758,-0.016543,-0.026038,0.095648,-0.011073,-0.002603,no
0.000982,-0.019349,0.0707,-0.041533,-0.112957,-0.008413,-0.011532,-0.013428,0.034318,0.111253,-0.068115,-0.013461,0.023741,no
0.065381,0.049799,0.018326,0.055137,0.068874,-0.04918,-0.062662,-0.021867,0.072174,0.01492,0.016075,-0.107417,0.117129,no
-0.081414,0.000206,-0.048246,0.002011,-0.002702,-0.035037,-0.015733,0.023735,-0.062692,0.011727,0.056754,-0.034852,0.118759,no
0.131984,0.019592,0.067657,0.039083,-0.013606,0.042665,0.042943,0.03121,-0.123192,-0.045336,-0.096699,0.021714,0.050425,no
0.011543,-0.074311,-0.028584,0.076126,0.031541,0.02644,-0.04732,-0.078774,-0.00503,-0.041639,0.004044,0.079347,0.029328,no
-0.013867,-0.042868,-0.011268,-0.130611,0.014929,0.017839,0.002349,-0.051648,-0.049726,0.015744,-0.057371,0.021767,-0.070608,no
0.078259,-0.095807,0.056107,-0.034594,-0.092019,-0.096309,0.019004,-0.016044,-0.005958,0.010588,-0.007111,0.014768,0.036012,no
-0.015078,-0.042645,-0.028752,0.077299,-0.004116,-0.081228,-0.014074,-0.073097,-0.012659,-0.005229,-0.068877,-0.046332,0.011607,no
-0.026419,-0.018422,-0.056195,0.017168,0.009863,0.018217,0.019369,0.040474,-0.01839,0.116239,0.03486,0.031962,0.019348,no
-0.00433,-0.035888,0.012091,-0.030717,-0.043552,-0.012859,-0.030027,0.010174,-0.014218,0.070982,-0.06519,-0.03608,0.079011,no
-0.034467,0.033121,0.055512,-0.039975,0.011776,-0.036368,0.043367,0.027067,-0.09023,-0.0345,0.047867,-0.022006,-0.022001,no
-0.017043,-0.033518,0.07813,0.043469,-0.058903,-0.063635,0.018883,-0.048058,-0.02087,0.06213,-0.092872,0.055669,-0.045779,no
-0.069096,0.00917,0.007609,0.022118,-0.08286,0.067652,-0.030078,0.010518,-0.038836,0.000269,0.052809,0.030478,0.086581,no
0.030305,0.03868,-0.002027,-0.033656,0.015531,0.049521,0.059995,-0.024874,-0.057082,0.0817,-0.081798,-0.037356,0.039965,no
0.042045,0.037004,0.011472,-0.012293,-0.077334,-0.096383,-0.009619,0.058018,-0.072161,0.019156,-0.048709,0.036982,-0.00425,no
0.023487,-0.031977,-0.021622,-0.049233,0.017236,0.034394,0.054651,-0.041432,-0.027901,0.06434,-0.00018,-0.023857,0.072112,no
0.087454,-0.043163,0.018477,-0.117355,0.015206,-0.007177,-0.014736,-0.040347,0.054069,0.030007,0.011639,0.010888,-0.075464,no
0.018879,-0.053756,0.040404,-0.102393,-0.011733,-0.023901,0.01854,-0.058514,0.007782,0.004784,0.105962,0.000569,0.144521,no
0.064348,-0.050691,-0.023813,-0.082915,-0.088901,-0.050463,0.011836,0.014909,0.045615,-0.003451,0.09187,-0.081004,-0.052778,no
-0.063201,0.083662,-0.067656,-0.018733,0.057978,-0.058425,0.09786,0.028802,-0.035496,-0.078584,-0.041382,0.144504,0.026813,no
-0.009488,0.040141,-0.054284,-0.016027,-0.015972,-0.015411,-0.030226,0.083472,-0.069757,0.061737,-0.034066,-0.028416,0.073222,no
0.073323,0.022874,-0.119539,0.042313,0.112554,-0.031453,-0.031605,-0.099361,0.025383,0.023499,-0.066866,0.004347,-0.038827,no
0.002864,0.013623,0.00332,0.056462,0.009677,-0.040914,0.030393,-0.11179,0.0026,0.035546,-0.068957,0.013039,-0.05297,no
-0.00527,-0.031829,-0.026117,-0.072518,-0.002169,0.029931,0.003281,-0.048265,-0.004279,0.087915,-0.025641,0.024507,0.043419,no
0.016628,-0.100816,0.063317,0.049626,0.001983,-0.030289,-0.02686,0.065844,0.019547,0.104473,-0.00751,-0.003506,0.089234,no
-0.040222,-0.060869,0.077544,-0.083659,0.085958,0.031484,0.07595,0.08297,0.104312,-0.007595,0.056508,0.049007,0.083901,no
0.224302,-0.011815,-0.016948,-0.142125,-0.133738,0.113567,0.135759,-0.083089,-0.046084,-0.005153,-0.03158,0.042921,-0.035802,no
-0.078151,0.023013,-0.010816,0.056902,0.02585,0.010781,0.03873,0.011743,-0.040341,0.088602,0.040083,0.017173,0.03216,no
-0.050678,0.027025,0.009586,-0.043303,0.031829,0.022211,-0.021526,-0.047632,-0.032571,0.077594,-0.063608,0.042065,0.044565,no
0.099087,-0.042295,0.007633,-0.018216,-0.048143,0.070808,0.075218,-0.063659,-0.07387,-0.035682,-0.021494,0.053283,0.017536,no
0.015919,0.057212,-0.009259,-0.06106,-0.038269,0.000208,0.064997,0.050209,-0.115753,-0.002676,-0.059767,-0.085995,-0.069236,no
-0.019727,0.05803,0.032132,0.045159,0.055221,0.030547,0.062214,0.027535,-0.025961,0.125134,0.049598,0.072374,-0.000275,no
-0.017524,-0.001356,0.08487,-0.058813,0.056148,-0.023193,-0.004606,-0.000714,-0.080294,-0.019389,-0.051219,0.000419,-0.014709,no
-0.015613,-0.007089,-0.107283,-0.08793,-0.042695,0.025136,0.003406,-0.003391,-0.011666,0.095362,0.032646,0.033686,0.016639,no
-0.025849,0.013661,0.029326,-0.000208,-0.125792,-0.110917,0.00645,-0.00254,-0.050395,-0.004279,-0.006811,0.013922,0.002019,no
-0.023381,-0.032397,0.061808,0.007905,-0.001743,0.089311,-0.027645,-0.031207,-0.022717,0.00662,0.025983,0.066301,0.108664,no
-0.057799,0.04453,-0.031313,-0.014529,0.024066,-0.003843,0.0377,-0.021049,0.122426,-0.001998,-0.072116,0.028275,0.07063,no
-0.086873,-0.106507,-0.024699,-0.01336,-0.171475,0.068517,0.039036,0.003051,0.104836,-0.048388,-0.059419,0.008462,0.111143,no
0.030388,-0.014052,0.032622,-0.017178,-0.064632,0.024065,-0.078638,0.149121,-0.103383,-0.059499,-0.041419,-0.013916,0.011313,no
-0.052383,-0.072726,-0.115702,0.017621,0.030842,0.034188,0.097977,0.053262,0.038678,0.02796,-0.114655,-0.011834,0.082349,no
0.083657,-0.072961,-0.020007,-0.067605,-0.019391,-0.060799,-0.000759,-0.017235,-0.039863,0.021087,-0.043729,0.058613,0.019016,no
-0.095545,-0.008083,0.008742,0.066465,0.00797,0.015013,0.118866,0.029352,0.051465,0.02702,-0.108746,-0.001215,0.067348,no
0.077643,-0.130613,-0.12569,-0.036318,-0.049627,0.071625,0.071548,-0.078385,-0.101888,-0.084403,-0.002202,-0.024113,0.071887,no
0.057854,-0.015312,-0.043788,-0.155005,-0.155035,-0.015473,-0.00556,0.019373,0.037164,0.083827,0.063278,0.008157,0.038095,no
-0.050369,-0.021626,-0.032198,-0.109425,0.111389,0.007675,0.040737,0.004375,0.076963,-0.097802,-0.025823,0.011014,-0.025213,no
0.0772,-0.025498,0.057711,-0.047256,-0.098895,0.092862,0.173502,0.021465,0.069384,-0.087497,0.037494,-0.009903,0.158831,no
-0.034333,0.019981,-0.068672,-0.056693,-0.07115,0.004059,-0.015628,0.019104,-0.022397,0.090016,-0.012886,0.003124,0.021259,no
0.036912,0.094952,0.039633,-0.11585,0.00567,-0.009927,-0.01827,0.029255,-0.010498,0.072671,0.07559,0.11561,0.051147,no
0.023575,-0.060616,0.015383,-0.046997,-0.004098,-0.078729,-0.070091,0.049068,-0.074187,-0.014052,-0.097806,-0.008793,0.037676,no
-0.059904,0.040197,0.050738,0.001113,-0.136593,-0.035826,0.006837,0.01813,-0.000578,0.076292,0.004621,-0.039,0.033516,no
-0.012363,-0.067504,0.144905,-0.060968,0.097973,-0.033775,0.007631,0.032652,-0.058272,-0.059142,0.071229,-0.030047,0.029771,no
-0.091144,-0.022947,-0.031482,-0.092722,0.035604,0.018949,-0.077332,0.078653,-0.029163,0.044617,0.058692,-0.012544,0.038915,no
-0.055779,-0.007741,-0.023829,0.019136,0.000996,-0.054769,-0.060307,0.034883,-0.004683,0.008347,-0.002563,-0.044372,-0.066864,no
0.04156,-0.019007,0.022255,0.02866,-0.000688,-0.087434,0.146672,0.058548,-0.019085,-0.105724,-0.085856,-0.015504,0.108227,no
-0.01127,-0.010691,0.079329,0.010147,0.042869,-0.009931,0.04423,-0.026929,-0.031303,0.030127,0.042184,-0.019291,0.120243,no
0.035993,0.07262,0.00139,-0.074318,0.018199,-0.030889,-0.098512,-0.017801,0.012397,0.025738,-0.059278,-0.025026,0.097956,no
0.110714,-0.028481,-0.112652,-0.021528,0.048815,-0.065043,-0.025363,-0.015999,-0.05852,-0.03251,-0.07781,-0.052571,0.05788,no
-0.069557,-0.062015,-0.051732,0.016558,-0.015397,0.00928,0.044032,-0.016581,0.009194,0.09365,0.109946,0.025102,0.034042,no
-0.017793,-0.048412,-0.027793,0.042796,0.070599,-0.033097,0.054004,-0.065091,-0.095178,0.00437,-0.049082,0.034606,0.015784,no
0.017114,-0.014065,-0.007307,-0.025308,0.056908,-0.038114,0.070825,-0.091149,-0.095929,-0.031753,-0.007032,0.038202,0.041101,no
-0.004147,0.037059,-0.102408,0.037543,0.214787,0.067283,0.007678,-0.060428,-0.036469,0.072451,-0.026564,0.016699,0.047858,no
-0.100708,-0.063291,0.068429,0.074452,-0.045864,-0.01764,0.019583,-0.042503,0.004912,0.073678,-0.018332,-0.052992,0.066374,no
0.029099,-0.035166,-0.007872,-0.092883,0.032468,0.030561,-0.015816,0.133064,-0.020829,0.065262,0.083617,-0.04231,0.042254,no
0.038736,0.079493,0.087798,0.078993,0.015658,0.053673,-0.003787,0.025525,0.014953,-0.010898,0.139598,0.030382,0.106023,no
0.16896,0.043937,-0.043323,-0.001668,0.058168,-0.061364,-0.002402,-0.067978,0.039956,-0.006339,-0.021332,-0.033002,0.004023,no
0.01701,0.009884,0.037078,0.027186,-0.037051,-0.063856,-0.023199,0.124859,-0.044169,0.041809,0.030519,-0.05274,0.124258,no
0.10817,0.059297,-0.003425,0.003874,0.005057,-0.017593,-0.063606,-0.023257,0.108241,0.080957,-0.042258,-0.080442,0.036528,no
-0.042554,-0.026434,0.050642,-0.0129,-0.012662,-0.082858,0.007661,-0.091925,-0.05406,-0.02619,-0.017224,0.054937,0.036712,no
-0.056042,-0.059205,-0.051743,0.010656,-0.015545,0.110161,0.008834,-0.065198,-0.077407,-0.039386,-0.004519,-0.04513,0.135099,no
0.072553,0.161027,-0.015796,0.055701,0.150879,0.001225,-0.002783,0.054581,-0.005421,-0.00014,0.066457,-0.134878,0.078504,no
0.041564,-0.091176,0.106583,0.049979,0.092304,-0.028404,0.145575,-0.043963,-0.047111,-0.013567,0.116056,0.003918,0.033629,no
0.055947,-0.017393,-0.005397,-0.091655,0.093678,0.023621,0.04882,0.006068,-0.109058,-0.013507,-0.05252,-0.027442,-0.019348,no
0.029795,-0.02186,-0.113694,-0.041959,-0.09082,0.019627,0.078451,0.02582,-0.049593,0.058283,0.018524,-0.116813,0.059132,no
-0.083907,0.098245,0.031875,0.049336,0.005702,0.020177,0.170627,0.006725,-0.020465,-0.039248,-0.144136,-0.082363,0.102345,no
0.065108,0.037967,-0.113086,0.046157,-0.077741,-0.000094,0.051443,0.100526,0.01012,-0.13448,-0.084973,-0.005109,0.063789,no
-0.032667,0.056222,-0.082192,-0.018147,0.098703,0.011543,-0.082103,-0.047921,-0.025115,0.039948,-0.086828,-0.019595,0.072147,no
0.047508,-0.105959,0.090364,0.015287,0.083416,-0.05315,-0.060238,0.096118,0.018216,-0.010556,0.016213,-0.095727,-0.001211,no
-0.055472,0.04747,0.0567,0.053731,0.040589,0.00458,0.083286,-0.046976,-0.101503,-0.006625,-0.031735,-0.116132,0.1281,no
0.017875,-0.024209,-0.032956,-0.057794,-0.014704,0.033508,0.027204,-0.030177,-0.025089,0.08092,-0.050916,-0.027807,0.050887,no
0.002344,0.006088,0.127606,0.000001,-0.024218,-0.023899,0.001291,0.003211,0.007925,0.077471,-0.012561,0.008609,0.074369,no
0.025728,0.062341,0.001286,0.016889,-0.003641,0.090062,-0.019131,-0.016363,0.031435,0.021532,0.111344,0.066281,0.052399,no
-0.115232,-0.031443,-0.020186,-0.152515,-0.083872,0.094545,0.034776,-0.017827,0.023858,0.077147,0.077343,-0.090762,-0.077887,no
0.000264,0.086724,0.029278,0.026365,0.018592,0.121843,0.169448,0.061381,0.025696,-0.039842,0.064935,0.114809,0.084213,no
-0.003891,0.037132,-0.064798,0.063004,0.012538,-0.068807,-0.001282,-0.025529,-0.024125,0.022767,-0.005952,0.026136,-0.038082,no
-0.015698,0.020729,-0.044112,0.00093,-0.064926,-0.030877,-0.017813,0.084467,-0.064818,0.048602,-0.033584,-0.082352,0.08677,no
-0.030979,0.108017,-0.122982,-0.011692,0.020125,0.147673,-0.009744,-0.07633,-0.030205,0.01759,0.017522,0.041728,0.010155,no
-0.007928,0.086606,0.051871,0.02735,0.028797,-0.027513,-0.079526,-0.004038,0.008418,0.058891,-0.099301,-0.037041,0.064624,no
0.006441,0.025968,-0.018012,0.037356,0.098227,0.021445,-0.06068,-0.010179,0.031858,0.121176,-0.072397,0.033911,0.013399,no
0.072708,-0.019726,-0.07091,0.034677,-0.131984,0.028727,-0.007241,0.097105,0.044073,-0.007918,0.216224,-0.052255,0.106303,no
0.08243,0.017725,0.027889,0.023976,0.015231,0.006002,0.02542,0.03708,-0.030917,0.044962,-0.151441,-0.128966,-0.0923,no
0.038106,-0.018483,-0.082031,-0.032631,-0.027915,0.007476,-0.021988,-0.040659,0.027572,0.058578,-0.057176,-0.105366,0.061304,no
-0.08288,0.017184,0.047554,-0.068651,-0.048279,-0.066949,-0.015929,0.050587,0.069885,-0.047016,-0.081983,0.042421,0.153158,no
-0.003216,-0.100712,0.028256,0.034407,-0.061055,-0.080863,-0.002462,-0.024069,-0.01905,0.041563,-0.065104,0.028146,-0.002952,no
0.04495,0.021238,-0.061627,-0.102289,0.041025,0.010192,-0.000193,0.04746,-0.035598,-0.018672,0.027251,-0.092386,-0.07629,no
0.08336,0.019224,-0.02762,0.007536,-0.029964,-0.156024,-0.146089,0.11785,-0.012167,-0.000185,-0.041493,0.030073,0.043649,no
-0.04262,0.010035,-0.063142,0.026107,0.008672,-0.053747,-0.005301,0.004518,-0.083155,0.043825,-0.043399,0.092852,-0.042486,no
-0.034796,0.028466,-0.003111,0.01628,-0.015061,-0.0295,-0.065241,-0.039063,0.016327,0.036304,-0.073023,-0.088272,0.080787,no
0.013553,0.008102,-0.048666,0.032445,-0.016565,-0.029668,0.091287,-0.012419,-0.079933,0.045467,-0.007847,0.038371,-0.051075,no
0.090116,-0.007734,0.014343,-0.010622,-0.07359,-0.107569,0.008568,0.084746,-0.060571,0.009943,0.003417,0.019476,0.028529,no
-0.029402,-0.054576,-0.010209,0.016868,-0.003755,-0.073041,-0.030397,0.069562,-0.053389,0.026874,0.011702,0.044797,-0.019522,no
-0.01329,-0.045897,-0.043837,0.082261,0.017753,0.049293,0.054127,0.028678,0.042936,-0.116488,-0.099824,0.005876,0.033583,no
0.111672,0.007168,-0.014093,-0.067342,-0.016229,0.030422,0.000243,-0.035322,0.082764,0.124196,-0.020968,-0.001397,0.000461,no
-0.006444,0.029574,-0.068778,0.0411,-0.054151,-0.07409,-0.066389,-0.022686,0.093955,0.006243,0.092154,-0.139359,0.093154,no
-0.017583,0.155663,-0.098973,0.025832,0.031114,-0.036577,-0.006757,-0.040891,0.244369,-0.012593,0.047232,-0.002925,0.025315,no
0.023749,0.054216,-0.108537,-0.061454,0.001756,-0.054124,-0.002809,0.065847,0.137455,-0.071376,-0.026544,-0.028557,-0.049258,no
-0.012585,-0.023831,0.06134,0.07514,-0.049438,-0.082277,0.098379,-0.019293,-0.035166,0.019574,0.087337,0.037559,-0.008443,no
0.041055,-0.06123,0.01483,0.000054,0.015523,0.038931,0.033543,0.007587,0.019426,0.146505,-0.025986,0.033646,0.01217,no
-0.033385,0.012154,-0.024386,0.020187,-0.062121,-0.029413,0.03754,0.042828,-0.065409,0.020788,0.027198,-0.109425,0.106299,no
0.02509,0.020484,-0.030278,-0.020261,0.086031,0.025723,0.025807,0.059612,-0.034209,0.020007,0.019795,-0.072859,-0.108289,no
0.064333,-0.031966,0.047443,0.047716,0.086666,-0.038245,0.037145,-0.030256,0.003104,0.012362,0.016248,-0.010524,-0.012809,no
-0.079975,-0.022692,-0.135323,-0.067824,-0.038067,0.006142,-0.02111,-0.019266,-0.036218,0.053829,0.030071,-0.001432,0.054637,no
-0.010663,0.09837,-0.033171,0.008725,-0.116451,0.089904,0.007015,0.085902,-0.054768,0.047331,0.063865,0.048962,0.015987,no
0.040222,0.007976,0.020301,0.050263,0.038444,-0.056932,0.06828,0.028982,-0.066111,0.042976,0.046835,0.095838,-0.01845,no
0.065645,0.124634,-0.281386,-0.084603,-0.049089,-0.075412,-0.005671,-0.059879,-0.033802,-0.084913,0.080185,-0.093214,0.00147,no
0.107652,0.045868,-0.033217,0.026839,-0.019253,0.116148,0.103843,-0.029758,0.184675,-0.035958,-0.00384,-0.023795,0.063893,no
0.035309,-0.031788,0.112502,-0.080853,0.084365,-0.027651,-0.008759,0.020185,-0.041225,0.001837,0.016411,0.067063,-0.011548,no
0.021695,0.159754,-0.02996,-0.064144,-0.063294,-0.025842,-0.041205,-0.092543,0.104037,0.037556,0.063534,-0.046192,0.010383,no
0.095057,-0.08337,-0.058143,-0.051689,-0.015956,0.08657,0.083318,-0.016238,0.032382,0.179944,-0.034829,0.019917,-0.035342,no
-0.004074,0.127021,0.032765,0.037238,0.011411,0.078547,-0.076302,0.01508,0.007174,0.031849,0.027684,0.089826,0.038025,no
0.168238,0.058905,0.032461,0.058733,0.00056,-0.124076,0.04673,0.078662,0.133084,-0.071031,-0.099654,-0.044981,0.060623,no
-0.02385,0.05571,0.081299,0.046638,-0.049323,0.056114,-0.040009,0.06725,-0.044253,0.016565,0.036491,0.06034,0.088123,no
-0.0893,-0.026827,0.027062,-0.079683,-0.057243,-0.053234,-0.066412,0.083922,-0.069328,-0.033538,-0.01614,-0.076567,-0.039123,no
0.066393,0.009528,-0.09613,-0.080815,-0.044808,-0.039282,0.133052,0.065057,0.034781,-0.012128,-0.031255,0.126987,-0.022092,no
0.023739,0.101106,0.061995,-0.012647,-0.029552,-0.004482,0.007758,0.072418,-0.026484,0.110786,-0.015924,0.039469,0.014554,no
0.021192,0.05444,0.056147,0.01346,0.043517,0.066196,-0.007335,-0.09029,-0.0418,-0.070361,-0.022904,0.04373,-0.0065,no
